"Epic","Feature","Story","FAILED","BROKEN","PASSED","SKIPPED","UNKNOWN"
"User Management","User CRUD lifecycle","Create user","0","0","0","2","0"
"User Management","User data validation","Create user - invalid data","0","0","0","5","0"
"User Management","User data validation","Create user - valid data","0","0","0","4","0"
"User Management","User data validation","List users - filtering","0","0","0","4","0"
"User Management","User CRUD lifecycle","Delete user","0","0","0","2","0"
"User Management","User CRUD lifecycle","Update user","0","0","0","2","0"
"User Management","User CRUD lifecycle","Read user","0","0","0","1","0"
"User Management","User data validation","","0","1","0","0","0"
"User Management","User CRUD lifecycle","Security","0","0","0","1","0"
