"Status","Start Time","Stop Time","Duration in ms","Parent Suite","Suite","Sub Suite","Test Class","Test Method","Name","Description"
"skipped","Mon Sep 28 06:19:53 UTC 2026","Mon Sep 28 06:19:53 UTC 2026","1","GoRest API Regression Suite","User CRUD - Request Chaining","com.sdet.framework.tests.UserChainingTests","com.sdet.framework.tests.UserChainingTests","createWithoutTokenIsUnauthorized","Write operations without a bearer token are rejected",""
"skipped","Mon Sep 28 06:19:53 UTC 2026","Mon Sep 28 06:19:53 UTC 2026","1","GoRest API Regression Suite","User - Data Driven","com.sdet.framework.tests.UserDataDrivenTests","com.sdet.framework.tests.UserDataDrivenTests","createUserWithValidData","Create a user from each valid data row",""
"skipped","Mon Sep 28 06:19:53 UTC 2026","Mon Sep 28 06:19:53 UTC 2026","1","GoRest API Regression Suite","User - Data Driven","com.sdet.framework.tests.UserDataDrivenTests","com.sdet.framework.tests.UserDataDrivenTests","createUserWithInvalidDataIsRejected","Reject each invalid data row with a field-level 422",""
"skipped","Mon Sep 28 06:19:53 UTC 2026","Mon Sep 28 06:19:53 UTC 2026","1","GoRest API Regression Suite","User CRUD - Request Chaining","com.sdet.framework.tests.UserChainingTests","com.sdet.framework.tests.UserChainingTests","duplicateEmailIsRejected","Creating a user with an email that already exists is rejected",""
"skipped","Mon Sep 28 06:19:53 UTC 2026","Mon Sep 28 06:19:53 UTC 2026","0","GoRest API Regression Suite","User - Data Driven","com.sdet.framework.tests.UserDataDrivenTests","com.sdet.framework.tests.UserDataDrivenTests","createUserWithInvalidDataIsRejected","Reject each invalid data row with a field-level 422",""
"skipped","Mon Sep 28 06:19:53 UTC 2026","Mon Sep 28 06:19:53 UTC 2026","0","GoRest API Regression Suite","User - Data Driven","com.sdet.framework.tests.UserDataDrivenTests","com.sdet.framework.tests.UserDataDrivenTests","createUserWithInvalidDataIsRejected","Reject each invalid data row with a field-level 422",""
"skipped","Mon Sep 28 06:19:53 UTC 2026","Mon Sep 28 06:19:53 UTC 2026","0","GoRest API Regression Suite","User CRUD - Request Chaining","com.sdet.framework.tests.UserChainingTests","com.sdet.framework.tests.UserChainingTests","deleteUser","Delete the user",""
"skipped","Mon Sep 28 06:19:53 UTC 2026","Mon Sep 28 06:19:53 UTC 2026","0","GoRest API Regression Suite","User - Data Driven","com.sdet.framework.tests.UserDataDrivenTests","com.sdet.framework.tests.UserDataDrivenTests","createUserWithValidData","Create a user from each valid data row",""
"skipped","Mon Sep 28 06:19:53 UTC 2026","Mon Sep 28 06:19:53 UTC 2026","0","GoRest API Regression Suite","User CRUD - Request Chaining","com.sdet.framework.tests.UserChainingTests","com.sdet.framework.tests.UserChainingTests","patchUserStatus","Change a single field with PATCH","PATCH only the status; every other field must keep the value set by the PUT step."
"skipped","Mon Sep 28 06:19:53 UTC 2026","Mon Sep 28 06:19:53 UTC 2026","0","GoRest API Regression Suite","User - Data Driven","com.sdet.framework.tests.UserDataDrivenTests","com.sdet.framework.tests.UserDataDrivenTests","createUserWithValidData","Create a user from each valid data row",""
"skipped","Mon Sep 28 06:19:53 UTC 2026","Mon Sep 28 06:19:53 UTC 2026","0","GoRest API Regression Suite","User - Data Driven","com.sdet.framework.tests.UserDataDrivenTests","com.sdet.framework.tests.UserDataDrivenTests","createUserWithInvalidDataIsRejected","Reject each invalid data row with a field-level 422",""
"skipped","Mon Sep 28 06:19:53 UTC 2026","Mon Sep 28 06:19:53 UTC 2026","1","GoRest API Regression Suite","User CRUD - Request Chaining","com.sdet.framework.tests.UserChainingTests","com.sdet.framework.tests.UserChainingTests","getCreatedUser","Fetch the created user by the extracted id",""
"skipped","Mon Sep 28 06:19:53 UTC 2026","Mon Sep 28 06:19:53 UTC 2026","0","GoRest API Regression Suite","User CRUD - Request Chaining","com.sdet.framework.tests.UserChainingTests","com.sdet.framework.tests.UserChainingTests","deletedUserIsNotFound","A deleted user can no longer be fetched",""
"skipped","Mon Sep 28 06:19:53 UTC 2026","Mon Sep 28 06:19:53 UTC 2026","0","GoRest API Regression Suite","User - Data Driven","com.sdet.framework.tests.UserDataDrivenTests","com.sdet.framework.tests.UserDataDrivenTests","listUsersFilteredByGenderAndStatus","List endpoint honours gender and status filters",""
"skipped","Mon Sep 28 06:19:53 UTC 2026","Mon Sep 28 06:19:53 UTC 2026","0","GoRest API Regression Suite","User CRUD - Request Chaining","com.sdet.framework.tests.UserChainingTests","com.sdet.framework.tests.UserChainingTests","updateUserWithPut","Replace every field of the user with PUT",""
"skipped","Mon Sep 28 06:19:53 UTC 2026","Mon Sep 28 06:19:53 UTC 2026","1","GoRest API Regression Suite","User CRUD - Request Chaining","com.sdet.framework.tests.UserChainingTests","com.sdet.framework.tests.UserChainingTests","createUser","Create a user and extract its id for the chain","POST a new user, validate 201 + strict schema, and store the generated id for later requests."
"broken","Mon Sep 28 06:19:52 UTC 2026","Mon Sep 28 06:19:52 UTC 2026","2","GoRest API Regression Suite","User - Data Driven","com.sdet.framework.tests.UserDataDrivenTests","com.sdet.framework.tests.UserDataDrivenTests","verifyConfiguration","verifyConfiguration",""
"skipped","Mon Sep 28 06:19:53 UTC 2026","Mon Sep 28 06:19:53 UTC 2026","0","GoRest API Regression Suite","User - Data Driven","com.sdet.framework.tests.UserDataDrivenTests","com.sdet.framework.tests.UserDataDrivenTests","listUsersFilteredByGenderAndStatus","List endpoint honours gender and status filters",""
"skipped","Mon Sep 28 06:19:53 UTC 2026","Mon Sep 28 06:19:53 UTC 2026","1","GoRest API Regression Suite","User - Data Driven","com.sdet.framework.tests.UserDataDrivenTests","com.sdet.framework.tests.UserDataDrivenTests","createUserWithValidData","Create a user from each valid data row",""
"skipped","Mon Sep 28 06:19:53 UTC 2026","Mon Sep 28 06:19:53 UTC 2026","0","GoRest API Regression Suite","User - Data Driven","com.sdet.framework.tests.UserDataDrivenTests","com.sdet.framework.tests.UserDataDrivenTests","listUsersFilteredByGenderAndStatus","List endpoint honours gender and status filters",""
"skipped","Mon Sep 28 06:19:53 UTC 2026","Mon Sep 28 06:19:53 UTC 2026","1","GoRest API Regression Suite","User - Data Driven","com.sdet.framework.tests.UserDataDrivenTests","com.sdet.framework.tests.UserDataDrivenTests","listUsersFilteredByGenderAndStatus","List endpoint honours gender and status filters",""
"skipped","Mon Sep 28 06:19:53 UTC 2026","Mon Sep 28 06:19:53 UTC 2026","0","GoRest API Regression Suite","User - Data Driven","com.sdet.framework.tests.UserDataDrivenTests","com.sdet.framework.tests.UserDataDrivenTests","createUserWithInvalidDataIsRejected","Reject each invalid data row with a field-level 422",""
